variability_bucket,n_centres,mean_cv,mean_jump_share_1h,mean_peak_to_average
low,17,0.030148784186320114,0.08920618894935395,1.1219176888233944
medium,18,0.06903641827671314,0.10057548042912176,1.2894896800427602
high,18,0.26651518766205573,0.10539071855853725,1.9670499417477016
