variability_bucket,n_centres,mean_cv,mean_abs_delta_1h,mean_jump_share_1h,mean_peak_to_average
high,16,0.2312911828620621,0.004647447876650861,0.10068268534942255,1.9225363314922943
low,16,0.03294518145247012,0.0027554454089365257,0.10104120595899672,1.1379279280162697
medium,16,0.06898218584888587,0.003534898981765521,0.10044839134305988,1.2984655200649398
