cap_percentile,cap_percentile_value,cap_utilisation,intervals_above_cap,hours_above_cap,excess_utilisation_hours_to_shift,peak_reduction_utilisation,peak_reduction_percent_of_peak
p99,99,0.4312402037201883,88,44.0,1.0534931484609962,0.13309467710971906,23.58434355749743
p95,95,0.391215605822051,439,219.5,5.37039518876823,0.17311927500785634,30.676692313129433
p90,90,0.37060798631601055,878,439.0,11.951951952621311,0.1937268945138968,34.32835734502238
p85,85,0.3577871542334502,1316,658.0,18.92224655200751,0.20654772659645715,36.600205589402755
p80,80,0.3483091661638588,1755,877.5,26.127786592521666,0.21602571466604853,38.27970270920743
